,date,open,high,low,close,volume
0,2022-04-29,0.8432,0.8495,0.7891,0.8048,139320128.3
1,2022-04-30,0.805,0.8179,0.7351,0.7556,147364161.34
2,2022-05-01,0.7555,0.8002,0.7451,0.7895,137793227.3
3,2022-05-02,0.7894,0.7968,0.7636,0.7809,128907016.8
4,2022-05-03,0.7808,0.7994,0.7605,0.7711,96429722.5
5,2022-05-04,0.7712,0.8992,0.7677,0.8985,256649760.0
6,2022-05-05,0.8986,0.9058,0.7716,0.7884,364970629.3
7,2022-05-06,0.7884,0.7997,0.7625,0.7832,244058670.2
8,2022-05-07,0.7832,0.7858,0.7467,0.7604,126808896.0
9,2022-05-08,0.7605,0.7663,0.7254,0.7403,175139530.39
10,2022-05-09,0.7404,0.7542,0.5976,0.6019,472342566.94
11,2022-05-10,0.6025,0.701,0.5833,0.6286,436850308.6
12,2022-05-11,0.6286,0.6631,0.4727,0.5187,623456066.51
13,2022-05-12,0.5186,0.5508,0.4019,0.4733,815465798.46
14,2022-05-13,0.4733,0.6094,0.4689,0.529,458070252.8
15,2022-05-14,0.5289,0.5572,0.4888,0.5372,253441055.6
16,2022-05-15,0.5374,0.5999,0.5148,0.5981,195264575.4
17,2022-05-16,0.5982,0.6146,0.5444,0.5569,280903516.1
18,2022-05-17,0.5569,0.5999,0.5511,0.5778,178084619.6
19,2022-05-18,0.5776,0.5863,0.5026,0.5059,203077123.9
20,2022-05-19,0.5059,0.5467,0.4917,0.5334,205816006.7
21,2022-05-20,0.5334,0.545,0.5012,0.5162,174293262.6
22,2022-05-21,0.5162,0.5388,0.5086,0.5286,85487336.0
23,2022-05-22,0.5286,0.5488,0.5219,0.5416,104514258.8
24,2022-05-23,0.5416,0.5595,0.5039,0.5134,189427959.8
25,2022-05-24,0.5133,0.5255,0.4927,0.5219,170905795.6
26,2022-05-25,0.5218,0.5328,0.5071,0.5146,133554250.3
27,2022-05-26,0.5145,0.521,0.4614,0.4789,243664954.1
28,2022-05-27,0.4788,0.4839,0.4454,0.4566,268406015.6
29,2022-05-28,0.4566,0.4693,0.4481,0.4646,105935970.4
30,2022-05-29,0.4646,0.4827,0.4559,0.482,88626528.9
31,2022-05-30,0.4819,0.5777,0.4772,0.5698,259278313.4
32,2022-05-31,0.5698,0.6893,0.5678,0.6268,663619489.7
33,2022-06-01,0.6266,0.6314,0.5359,0.5516,355477399.6
34,2022-06-02,0.5517,0.5981,0.5487,0.5871,306125734.2
35,2022-06-03,0.5872,0.6055,0.539,0.56,206257910.9
36,2022-06-04,0.56,0.5718,0.5449,0.5665,108779268.9
37,2022-06-05,0.5666,0.5808,0.5538,0.5674,95277593.6
38,2022-06-06,0.5675,0.6472,0.5651,0.6091,341502376.8
39,2022-06-07,0.6091,0.645,0.5715,0.6141,338812294.7
40,2022-06-08,0.614,0.6696,0.6087,0.6408,394267374.7
41,2022-06-09,0.6407,0.6579,0.6258,0.6323,192310885.5
42,2022-06-10,0.6323,0.6361,0.57,0.5744,272263844.1
43,2022-06-11,0.5744,0.6175,0.543,0.554,300758115.7
44,2022-06-12,0.5541,0.561,0.4893,0.4904,397530507.9
45,2022-06-13,0.4904,0.4985,0.4366,0.4644,761583537.4
46,2022-06-14,0.4642,0.52,0.4369,0.4831,609069303.4
47,2022-06-15,0.4831,0.5393,0.4483,0.5348,628287744.0
48,2022-06-16,0.5347,0.5472,0.4673,0.4762,360176076.1
49,2022-06-17,0.4762,0.504,0.4717,0.4872,221261441.4
50,2022-06-18,0.4871,0.4953,0.4206,0.4549,383466178.7
51,2022-06-19,0.4548,0.49,0.4359,0.4848,304390171.7
52,2022-06-20,0.4849,0.5088,0.4613,0.4915,309797825.1
53,2022-06-21,0.4915,0.5114,0.4751,0.4813,269304587.0
54,2022-06-22,0.4813,0.4815,0.4559,0.4594,203592970.7
55,2022-06-23,0.4594,0.4831,0.4563,0.48,160787911.2
56,2022-06-24,0.48,0.5097,0.4762,0.4981,241562561.8
57,2022-06-25,0.4982,0.5078,0.4783,0.4984,142417111.7
58,2022-06-26,0.4985,0.526,0.4885,0.4899,211856675.9
59,2022-06-27,0.4899,0.5088,0.4756,0.4856,157303921.4
60,2022-06-28,0.4855,0.4975,0.4671,0.4694,163559982.8
61,2022-06-29,0.4693,0.4772,0.4588,0.4662,166130162.2
62,2022-06-30,0.4662,0.4677,0.4352,0.4599,212174584.9
63,2022-07-01,0.4599,0.475,0.4427,0.4487,182788187.1
64,2022-07-02,0.4487,0.4617,0.4408,0.4559,109165380.7
65,2022-07-03,0.4558,0.46,0.4436,0.4561,90832805.9
66,2022-07-04,0.456,0.4765,0.4445,0.4695,196991430.2
67,2022-07-05,0.4695,0.4717,0.4447,0.4571,171538047.7
68,2022-07-06,0.4571,0.4656,0.447,0.4623,139221841.0
69,2022-07-07,0.4623,0.4827,0.4609,0.4776,142206515.1
70,2022-07-08,0.4775,0.493,0.46,0.4661,170807637.3
71,2022-07-09,0.4661,0.4849,0.4653,0.478,100774030.7
72,2022-07-10,0.4781,0.4798,0.4552,0.4624,115262368.1
73,2022-07-11,0.4625,0.4628,0.4316,0.4347,162045832.1
74,2022-07-12,0.4347,0.4425,0.4156,0.4171,139595801.6
75,2022-07-13,0.4171,0.4422,0.4023,0.4383,265120837.4
76,2022-07-14,0.4383,0.4465,0.417,0.4416,208166850.3
77,2022-07-15,0.4417,0.4536,0.4326,0.4421,187707381.7
78,2022-07-16,0.4421,0.4591,0.4316,0.4578,147996093.0
79,2022-07-17,0.4578,0.466,0.4421,0.4478,153582187.8
80,2022-07-18,0.4478,0.4998,0.4457,0.4904,383712607.4
81,2022-07-19,0.4904,0.526,0.4733,0.5152,386358308.6
82,2022-07-20,0.5152,0.5487,0.4868,0.491,389779718.7
83,2022-07-21,0.491,0.5023,0.4756,0.4993,261898181.1
84,2022-07-22,0.4994,0.5114,0.477,0.4828,200329666.4
85,2022-07-23,0.4827,0.5186,0.473,0.517,199660186.4
86,2022-07-24,0.5171,0.5368,0.5095,0.512,233306136.5
87,2022-07-25,0.512,0.5154,0.4741,0.4752,200850290.9
88,2022-07-26,0.4752,0.4774,0.451,0.4677,213068947.5
89,2022-07-27,0.4678,0.5122,0.4588,0.5111,290166822.0
90,2022-07-28,0.5112,0.5242,0.4885,0.513,306444781.5
91,2022-07-29,0.5131,0.5454,0.5064,0.5218,320668702.7
92,2022-07-30,0.5219,0.556,0.509,0.5263,271896568.2
93,2022-07-31,0.5263,0.5443,0.5125,0.5161,174783511.5
94,2022-08-01,0.5161,0.5262,0.5007,0.5124,158798003.7
95,2022-08-02,0.5125,0.5155,0.4886,0.4963,182796003.4
96,2022-08-03,0.4963,0.5167,0.489,0.5005,124963960.7
97,2022-08-04,0.5006,0.5112,0.4934,0.4997,102892954.2
98,2022-08-05,0.4998,0.5193,0.4993,0.5174,112189883.6
99,2022-08-06,0.5174,0.5234,0.51,0.5112,78090180.3
100,2022-08-07,0.5114,0.5385,0.5063,0.5276,111026235.8
101,2022-08-08,0.5276,0.5496,0.523,0.5371,161524833.4
102,2022-08-09,0.5371,0.5374,0.5057,0.5129,143030490.2
103,2022-08-10,0.5128,0.5389,0.502,0.5374,168972340.2
104,2022-08-11,0.5374,0.5476,0.5286,0.5303,155468308.4
105,2022-08-12,0.5302,0.542,0.5205,0.5402,106913181.8
106,2022-08-13,0.5403,0.5677,0.5378,0.5593,193063122.5
107,2022-08-14,0.5592,0.5948,0.5567,0.5695,236011611.2
108,2022-08-15,0.5695,0.5824,0.5427,0.5499,190761668.9
109,2022-08-16,0.5499,0.5704,0.5475,0.557,146450653.2
110,2022-08-17,0.5569,0.5834,0.5304,0.5384,234245028.0
111,2022-08-18,0.5384,0.5441,0.5075,0.5119,132313932.3
112,2022-08-19,0.5119,0.5121,0.4461,0.45,328230521.1
113,2022-08-20,0.4499,0.4632,0.4347,0.4508,211122393.3
114,2022-08-21,0.4508,0.4726,0.4468,0.4626,169047210.7
115,2022-08-22,0.4627,0.4632,0.4374,0.4615,189193918.6
116,2022-08-23,0.4614,0.47,0.4457,0.4658,124261125.9
117,2022-08-24,0.4659,0.4691,0.4536,0.4578,103361101.6
118,2022-08-25,0.4578,0.4741,0.4574,0.4645,119929958.0
119,2022-08-26,0.4645,0.482,0.4257,0.4316,375988353.5
120,2022-08-27,0.4315,0.4514,0.4258,0.4499,188501508.5
121,2022-08-28,0.4498,0.4544,0.4274,0.4293,131217761.8
122,2022-08-29,0.4293,0.453,0.4236,0.4504,144932469.0
123,2022-08-30,0.4503,0.4628,0.4385,0.4531,153120426.8
124,2022-08-31,0.4531,0.4631,0.4446,0.4462,115611898.1
125,2022-09-01,0.4461,0.4624,0.4407,0.4575,126696718.0
126,2022-09-02,0.4575,0.4665,0.4487,0.4543,106798749.5
127,2022-09-03,0.4544,0.486,0.4535,0.4803,182225091.7
128,2022-09-04,0.4803,0.51,0.4756,0.5035,199924106.3
129,2022-09-05,0.5035,0.5076,0.4826,0.4984,141753954.4
130,2022-09-06,0.4985,0.5122,0.4592,0.4625,233944338.0
131,2022-09-07,0.4625,0.4821,0.4536,0.4787,139305299.9
132,2022-09-08,0.4787,0.4831,0.4627,0.479,113848178.5
133,2022-09-09,0.4791,0.505,0.4783,0.5022,179504511.2
134,2022-09-10,0.5022,0.5242,0.4945,0.5121,194060696.5
135,2022-09-11,0.5121,0.5199,0.5,0.5098,129240731.5
136,2022-09-12,0.5098,0.5197,0.4958,0.5012,168685217.5
137,2022-09-13,0.5013,0.509,0.4612,0.4635,232872260.6
138,2022-09-14,0.4635,0.4871,0.462,0.4809,139528796.3
139,2022-09-15,0.4807,0.482,0.4619,0.4662,131971420.4
140,2022-09-16,0.4662,0.4747,0.454,0.4746,102993446.9
141,2022-09-17,0.4746,0.4883,0.4723,0.4859,100281140.5
142,2022-09-18,0.4859,0.4904,0.4403,0.4477,128727598.1
143,2022-09-19,0.4477,0.457,0.4332,0.4527,182324362.8
144,2022-09-20,0.4527,0.4545,0.4373,0.4422,107529839.9
145,2022-09-21,0.4423,0.4645,0.4313,0.4389,285433830.3
146,2022-09-22,0.4388,0.4666,0.4343,0.4584,155204297.3
147,2022-09-23,0.4583,0.4825,0.446,0.4618,210001077.3
148,2022-09-24,0.4619,0.4689,0.4504,0.4511,122469926.2
149,2022-09-25,0.451,0.4628,0.4385,0.4464,112039917.9
150,2022-09-26,0.4462,0.4507,0.4365,0.4473,125876450.8
151,2022-09-27,0.4473,0.4633,0.4373,0.4411,148327423.1
152,2022-09-28,0.4414,0.4431,0.4251,0.4361,126497310.3
153,2022-09-29,0.4362,0.4394,0.4277,0.4381,120381859.1
154,2022-09-30,0.4382,0.4415,0.4293,0.4347,120942156.5
155,2022-10-01,0.4346,0.4364,0.4275,0.43,61750878.7
156,2022-10-02,0.4301,0.4328,0.4176,0.4194,79897439.7
157,2022-10-03,0.4195,0.4288,0.4158,0.4276,97901531.3
158,2022-10-04,0.4276,0.4377,0.4253,0.4355,89193827.3
159,2022-10-05,0.4356,0.4367,0.4236,0.4309,86070134.7
160,2022-10-06,0.4309,0.437,0.4255,0.4288,87385034.1
161,2022-10-07,0.4288,0.4304,0.4215,0.424,85765776.0
162,2022-10-08,0.4239,0.4271,0.4188,0.4219,57044040.1
163,2022-10-09,0.4219,0.4242,0.419,0.423,50765905.1
164,2022-10-10,0.423,0.4268,0.3982,0.4012,108015329.8
165,2022-10-11,0.4011,0.4016,0.3837,0.3908,157186233.63
166,2022-10-12,0.3907,0.3954,0.376,0.3814,100681651.0
167,2022-10-13,0.3814,0.3824,0.349,0.3768,269611367.28
168,2022-10-14,0.3769,0.389,0.3606,0.3667,135534544.8
169,2022-10-15,0.3667,0.37,0.3612,0.3641,62954187.6
170,2022-10-16,0.3641,0.3749,0.3638,0.3703,61182203.2
171,2022-10-17,0.3703,0.3758,0.366,0.3723,66215062.2
172,2022-10-18,0.3724,0.3743,0.3569,0.3624,95363501.1
173,2022-10-19,0.3624,0.3624,0.347,0.3497,92329214.7
174,2022-10-20,0.3496,0.3557,0.3364,0.3402,111680559.0
175,2022-10-21,0.3402,0.3499,0.33,0.3492,127159385.38
176,2022-10-22,0.3492,0.3544,0.343,0.3513,71962552.0
177,2022-10-23,0.3513,0.3638,0.346,0.3621,85104357.9
178,2022-10-24,0.3621,0.3652,0.3533,0.3573,92438606.2
179,2022-10-25,0.3572,0.4173,0.3569,0.4,319472649.0
180,2022-10-26,0.4001,0.4122,0.3945,0.403,197702684.6
181,2022-10-27,0.403,0.4194,0.3861,0.3884,170796279.1
182,2022-10-28,0.3884,0.4115,0.3777,0.4044,139227634.2
183,2022-10-29,0.4044,0.44,0.4008,0.42,200912371.4
184,2022-10-30,0.4201,0.4216,0.3981,0.4056,117123022.0
185,2022-10-31,0.4057,0.4163,0.3975,0.4055,122659161.8
186,2022-11-01,0.4055,0.4154,0.3985,0.4011,88819285.6
187,2022-11-02,0.4012,0.4093,0.38,0.3856,168322996.7
188,2022-11-03,0.3856,0.3992,0.3842,0.3895,90983702.8
189,2022-11-04,0.3894,0.4263,0.3881,0.4216,233382097.9
190,2022-11-05,0.4216,0.4378,0.42,0.4264,165672546.7
191,2022-11-06,0.4263,0.431,0.4014,0.4021,112501696.2
192,2022-11-07,0.4021,0.4161,0.3975,0.4041,138637231.9
193,2022-11-08,0.404,0.4156,0.3463,0.3722,379698137.7
194,2022-11-09,0.3721,0.3766,0.31,0.3175,397998672.0
195,2022-11-10,0.3174,0.3793,0.3119,0.3687,361917813.6
196,2022-11-11,0.3688,0.3741,0.342,0.3556,191115121.1
197,2022-11-12,0.3557,0.3569,0.3362,0.3397,118816381.9
198,2022-11-13,0.3397,0.3453,0.3251,0.3298,146747692.7
199,2022-11-14,0.3299,0.3419,0.3142,0.3323,180688535.9
200,2022-11-15,0.3322,0.3449,0.3292,0.3373,103952732.7
201,2022-11-16,0.3373,0.3443,0.3237,0.332,102897046.5
202,2022-11-17,0.332,0.3345,0.3186,0.325,75533614.5
203,2022-11-18,0.3251,0.3325,0.3206,0.326,80892957.7
204,2022-11-19,0.326,0.3322,0.3213,0.328,49281576.1
205,2022-11-20,0.328,0.3312,0.31,0.312,87909126.7
206,2022-11-21,0.312,0.3133,0.2953,0.3046,162743368.09
207,2022-11-22,0.3046,0.3169,0.2982,0.3126,119265124.3
208,2022-11-23,0.3126,0.3204,0.3093,0.3185,130172804.6
209,2022-11-24,0.3185,0.3213,0.3116,0.3163,77452139.6
210,2022-11-25,0.3162,0.3173,0.3073,0.3146,81668650.3
211,2022-11-26,0.3147,0.3228,0.3109,0.3138,66377188.0
212,2022-11-27,0.3138,0.3196,0.3114,0.3126,50910598.2
213,2022-11-28,0.3126,0.3139,0.3,0.3066,118919688.1
214,2022-11-29,0.3066,0.3128,0.3042,0.3092,63045432.9
215,2022-11-30,0.3093,0.3209,0.3084,0.3187,103696273.3
216,2022-12-01,0.3186,0.32,0.3125,0.3145,69894876.1
217,2022-12-02,0.3144,0.32,0.3106,0.3191,62310109.4
218,2022-12-03,0.3192,0.3265,0.3162,0.3196,88483029.8
219,2022-12-04,0.3196,0.3241,0.3181,0.3221,58073868.4
220,2022-12-05,0.3222,0.329,0.3163,0.3193,68934870.6
221,2022-12-06,0.3193,0.3211,0.3135,0.3183,54889434.1
222,2022-12-07,0.3183,0.3199,0.3067,0.3102,80392338.0
223,2022-12-08,0.3103,0.3158,0.3072,0.3145,55078149.3
224,2022-12-09,0.3144,0.3166,0.3088,0.3118,50246553.9
225,2022-12-10,0.3119,0.315,0.3106,0.3126,23073305.7
226,2022-12-11,0.3126,0.315,0.3051,0.3074,38521495.3
227,2022-12-12,0.3073,0.3079,0.3004,0.3069,59718587.9
228,2022-12-13,0.3069,0.3187,0.2991,0.3142,125438617.5
229,2022-12-14,0.3142,0.3157,0.3053,0.3079,91418405.6
230,2022-12-15,0.308,0.3086,0.2962,0.3003,88292967.3
231,2022-12-16,0.3003,0.3013,0.255,0.2632,218355848.5
232,2022-12-17,0.2633,0.2678,0.2587,0.2672,164203460.7
233,2022-12-18,0.2672,0.2713,0.2627,0.2659,90386512.2
234,2022-12-19,0.266,0.2694,0.2488,0.2529,109679881.16
235,2022-12-20,0.2529,0.2621,0.2512,0.2587,79578969.4
236,2022-12-21,0.2586,0.2593,0.2478,0.2534,93178931.7
237,2022-12-22,0.2534,0.2569,0.2465,0.2566,78100191.4
238,2022-12-23,0.2567,0.264,0.2554,0.2594,74119327.5
239,2022-12-24,0.2594,0.2604,0.2566,0.2592,32054310.5
240,2022-12-25,0.2591,0.2599,0.2546,0.2591,46627019.2
241,2022-12-26,0.259,0.2657,0.2576,0.2652,61775474.3
242,2022-12-27,0.2653,0.2665,0.2563,0.2603,59557924.7
243,2022-12-28,0.2603,0.2611,0.2468,0.2482,115688916.7
244,2022-12-29,0.2483,0.2484,0.2396,0.244,119235796.6
245,2022-12-30,0.244,0.2463,0.2392,0.2458,77783257.0
246,2022-12-31,0.2457,0.2521,0.244,0.2458,66923069.1
247,2023-01-01,0.2458,0.25,0.2434,0.2499,49487029.5
248,2023-01-02,0.2499,0.2565,0.2466,0.2538,75458284.6
249,2023-01-03,0.2538,0.2555,0.2502,0.2529,71671057.1
250,2023-01-04,0.2529,0.2708,0.2518,0.2678,148810996.5
251,2023-01-05,0.2678,0.2713,0.2633,0.2692,81943632.6
252,2023-01-06,0.2692,0.2798,0.2671,0.2786,171198727.6
253,2023-01-07,0.2785,0.2806,0.2723,0.2768,72623368.2
254,2023-01-08,0.2768,0.299,0.2742,0.2974,196047722.8
255,2023-01-09,0.2975,0.346,0.2955,0.3168,405177005.9
256,2023-01-10,0.3168,0.3253,0.3063,0.3222,184082448.1
257,2023-01-11,0.3222,0.3235,0.3075,0.323,144048586.5
258,2023-01-12,0.323,0.3351,0.3154,0.3293,248440812.5
259,2023-01-13,0.3293,0.3509,0.3237,0.3456,150546494.0
260,2023-01-14,0.3455,0.3697,0.332,0.3525,288977177.5
261,2023-01-15,0.3526,0.3539,0.3385,0.3507,132983094.3
262,2023-01-16,0.3508,0.364,0.3376,0.3504,156864828.5
263,2023-01-17,0.3505,0.3576,0.343,0.3455,101591352.2
264,2023-01-18,0.3455,0.3555,0.3237,0.3264,170018857.2
265,2023-01-19,0.3264,0.343,0.3255,0.3379,80228314.7
266,2023-01-20,0.338,0.3657,0.3336,0.3652,130767450.6
267,2023-01-21,0.3651,0.3807,0.3569,0.3687,228951787.0
268,2023-01-22,0.3686,0.3872,0.3629,0.3764,205382044.0
269,2023-01-23,0.3764,0.3836,0.3687,0.375,168920181.8
270,2023-01-24,0.375,0.383,0.3552,0.3587,111749419.5
271,2023-01-25,0.3588,0.3797,0.3469,0.3732,125501560.2
272,2023-01-26,0.3733,0.3892,0.3711,0.3796,152020632.1
273,2023-01-27,0.3796,0.391,0.3678,0.3898,112713613.3
274,2023-01-28,0.3898,0.398,0.378,0.3819,119208593.2
275,2023-01-29,0.3818,0.3991,0.3768,0.3975,102929204.6
276,2023-01-30,0.3976,0.3982,0.3652,0.3725,134336665.0
277,2023-01-31,0.3725,0.3998,0.3681,0.3902,156301183.0
278,2023-02-01,0.3902,0.4018,0.371,0.397,162998963.9
279,2023-02-02,0.397,0.4136,0.3921,0.3981,179215658.3
280,2023-02-03,0.3981,0.407,0.3944,0.4038,112231580.7
281,2023-02-04,0.4037,0.4055,0.3975,0.3994,69665961.0
282,2023-02-05,0.3993,0.4019,0.3821,0.3923,104454046.0
283,2023-02-06,0.3923,0.4033,0.3795,0.3823,110247851.9
284,2023-02-07,0.3823,0.3998,0.3814,0.3989,107246776.8
285,2023-02-08,0.3989,0.4035,0.3853,0.3942,92872527.4
286,2023-02-09,0.3942,0.3957,0.3543,0.3622,151503834.4
287,2023-02-10,0.3622,0.3656,0.3534,0.3581,104289819.1
288,2023-02-11,0.358,0.3702,0.3567,0.3684,55904954.9
289,2023-02-12,0.3685,0.3738,0.3596,0.3641,57416092.2
290,2023-02-13,0.3641,0.3657,0.345,0.3593,114427322.0
291,2023-02-14,0.3593,0.3931,0.3545,0.3867,156990175.9
292,2023-02-15,0.3868,0.42,0.3819,0.419,151591225.3
293,2023-02-16,0.419,0.4213,0.3862,0.3874,174768994.0
294,2023-02-17,0.3874,0.4098,0.3854,0.4033,123524213.6
295,2023-02-18,0.4033,0.4184,0.3976,0.406,89590271.5
296,2023-02-19,0.406,0.4122,0.3968,0.3995,98181230.1
297,2023-02-20,0.3994,0.4098,0.3893,0.4038,116906377.7
298,2023-02-21,0.4037,0.4059,0.3855,0.3925,119823429.0
299,2023-02-22,0.3926,0.3929,0.3769,0.3888,123152287.0
300,2023-02-23,0.3889,0.3949,0.3794,0.3824,81228997.5
301,2023-02-24,0.3824,0.3852,0.358,0.3658,136530140.7
302,2023-02-25,0.3657,0.3677,0.3512,0.362,93356389.8
303,2023-02-26,0.3621,0.3704,0.3577,0.3691,62253729.4
304,2023-02-27,0.369,0.3702,0.3576,0.3647,71396733.7
305,2023-02-28,0.3647,0.368,0.3485,0.3517,76748794.6
306,2023-03-01,0.3518,0.3644,0.3493,0.3601,67671797.7
307,2023-03-02,0.3601,0.3615,0.3445,0.3504,81854576.8
308,2023-03-03,0.3505,0.3509,0.3212,0.3431,163025922.0
309,2023-03-04,0.3431,0.3448,0.3303,0.3366,56432771.9
310,2023-03-05,0.3366,0.343,0.3346,0.337,53269370.7
311,2023-03-06,0.337,0.3387,0.3291,0.3305,72882197.2
312,2023-03-07,0.3306,0.3348,0.3209,0.3306,99209654.5
313,2023-03-08,0.3305,0.3328,0.3133,0.3175,110501100.5
314,2023-03-09,0.3175,0.3223,0.3012,0.3101,191520024.2
315,2023-03-10,0.3102,0.3182,0.2976,0.3149,184446629.2
316,2023-03-11,0.3149,0.3228,0.3013,0.3051,174341847.2
317,2023-03-12,0.3051,0.3311,0.3013,0.3298,148391745.7
318,2023-03-13,0.3298,0.3517,0.3274,0.3433,290767932.5
319,2023-03-14,0.3434,0.3677,0.3363,0.3429,243189873.1
320,2023-03-15,0.3429,0.3464,0.3157,0.3241,262199199.5
321,2023-03-16,0.324,0.329,0.3171,0.3249,148328841.2
322,2023-03-17,0.3249,0.3502,0.3212,0.3494,171206542.3
323,2023-03-18,0.3494,0.3572,0.335,0.3371,160274762.9
324,2023-03-19,0.337,0.3525,0.3367,0.3448,93233157.9
325,2023-03-20,0.3448,0.3461,0.3305,0.3321,124374313.8
326,2023-03-21,0.3321,0.387,0.3291,0.3696,288467612.6
327,2023-03-22,0.3695,0.3868,0.3489,0.3596,342137114.0
328,2023-03-23,0.3597,0.3853,0.3535,0.3715,185937483.6
329,2023-03-24,0.3716,0.3725,0.3552,0.3596,112029219.9
330,2023-03-25,0.3597,0.3628,0.3486,0.3514,83603550.1
331,2023-03-26,0.3513,0.3614,0.3487,0.3557,91774166.9
332,2023-03-27,0.3558,0.3572,0.3366,0.3455,127210336.6
333,2023-03-28,0.3456,0.3703,0.3427,0.3681,133375435.6
334,2023-03-29,0.3681,0.39,0.3666,0.3811,190013782.5
335,2023-03-30,0.3811,0.3876,0.3697,0.3761,147101987.5
336,2023-03-31,0.3761,0.4093,0.3743,0.3989,250714301.7
337,2023-04-01,0.3989,0.4031,0.388,0.3919,128780899.9
338,2023-04-02,0.392,0.3928,0.3756,0.3815,102432795.5
339,2023-04-03,0.3816,0.405,0.3708,0.3872,234427391.6
340,2023-04-04,0.3872,0.4,0.3843,0.3894,121167900.7
341,2023-04-05,0.3895,0.4,0.3868,0.3923,92815719.6
342,2023-04-06,0.3922,0.3923,0.3763,0.3829,91098737.9
343,2023-04-07,0.3829,0.3851,0.3756,0.3835,50141413.5
344,2023-04-08,0.3835,0.3905,0.3804,0.3853,61444908.5
345,2023-04-09,0.3852,0.393,0.384,0.3894,51708973.8
346,2023-04-10,0.3893,0.3977,0.3847,0.3971,76308355.7
347,2023-04-11,0.3971,0.413,0.394,0.4014,143695491.1
348,2023-04-12,0.4015,0.4075,0.3886,0.4047,138821237.2
349,2023-04-13,0.4047,0.4288,0.3989,0.4251,173707588.7
350,2023-04-14,0.4251,0.444,0.4228,0.4381,235318719.5
351,2023-04-15,0.4381,0.4617,0.4311,0.4522,178424508.6
352,2023-04-16,0.4521,0.4579,0.4421,0.4513,117211504.6
353,2023-04-17,0.4512,0.4515,0.431,0.4341,144412169.8
354,2023-04-18,0.4341,0.448,0.4277,0.4435,99428283.1
355,2023-04-19,0.4435,0.4435,0.4071,0.4163,193374494.9
356,2023-04-20,0.4163,0.4221,0.3934,0.4007,161012857.5
357,2023-04-21,0.4008,0.4071,0.3789,0.3824,158842754.2
358,2023-04-22,0.3823,0.3989,0.381,0.3956,86625445.5
359,2023-04-23,0.3956,0.3956,0.38,0.3886,82034708.6
360,2023-04-24,0.3887,0.3975,0.38,0.3835,104338226.4
361,2023-04-25,0.3836,0.3954,0.3761,0.3945,97446645.9
362,2023-04-26,0.3944,0.4193,0.3778,0.4014,189713316.3
363,2023-04-27,0.4014,0.4186,0.4008,0.4101,154240599.8
364,2023-04-28,0.41,0.4116,0.3965,0.4043,76492344.4
365,2023-04-29,0.4044,0.4077,0.3991,0.4024,42315743.6
366,2023-04-30,0.4025,0.415,0.3944,0.3956,75755751.4
367,2023-05-01,0.3957,0.3979,0.3801,0.3868,99050070.7
368,2023-05-02,0.3867,0.3947,0.3816,0.3916,62002108.1
369,2023-05-03,0.3917,0.3965,0.3784,0.394,102351994.9
370,2023-05-04,0.3941,0.3964,0.3849,0.3873,57027491.2
371,2023-05-05,0.3873,0.397,0.3812,0.3942,77772750.3
372,2023-05-06,0.3941,0.3968,0.3735,0.3787,85459030.9
373,2023-05-07,0.3787,0.3833,0.3737,0.376,54439977.1
374,2023-05-08,0.376,0.3796,0.3531,0.3653,137827919.2
375,2023-05-09,0.3653,0.3705,0.3599,0.3633,78130879.7
376,2023-05-10,0.3633,0.3729,0.3543,0.3693,150971765.6
377,2023-05-11,0.3693,0.3696,0.3485,0.3598,98458703.7
378,2023-05-12,0.3598,0.371,0.3533,0.3705,109723018.6
379,2023-05-13,0.3705,0.371,0.3622,0.3646,46531257.4
380,2023-05-14,0.3646,0.373,0.3627,0.3711,41898265.4
381,2023-05-15,0.371,0.3758,0.3657,0.3669,69018210.5
382,2023-05-16,0.3669,0.3704,0.3613,0.3682,66128494.6
383,2023-05-17,0.3683,0.3807,0.3645,0.3755,94403281.2
384,2023-05-18,0.3755,0.3803,0.3658,0.3714,80420401.0
385,2023-05-19,0.3713,0.373,0.3658,0.3681,38723441.7
386,2023-05-20,0.3681,0.3683,0.3628,0.3662,44032296.2
387,2023-05-21,0.3663,0.3676,0.3566,0.3602,39270367.4
388,2023-05-22,0.3602,0.3741,0.356,0.3679,62447190.2
389,2023-05-23,0.3679,0.3757,0.3657,0.3704,47769860.8
390,2023-05-24,0.3704,0.3706,0.3602,0.3638,57618648.9
391,2023-05-25,0.3639,0.3648,0.355,0.3581,50137129.0
392,2023-05-26,0.3582,0.3669,0.3535,0.3626,56982912.1
393,2023-05-27,0.3626,0.3674,0.3606,0.3667,30122750.7
394,2023-05-28,0.3667,0.3846,0.3661,0.3828,80053076.5
395,2023-05-29,0.3828,0.3863,0.3756,0.3786,66769379.2
396,2023-05-30,0.3786,0.3834,0.3744,0.3779,70137418.8
397,2023-05-31,0.3779,0.3807,0.37,0.3744,59998056.8
398,2023-06-01,0.3744,0.3758,0.3608,0.3644,93248479.9
399,2023-06-02,0.3644,0.3794,0.3619,0.3782,71763680.0
400,2023-06-03,0.3782,0.3782,0.3729,0.3759,27741856.8
401,2023-06-04,0.376,0.3819,0.3748,0.3773,41513359.6
402,2023-06-05,0.3773,0.3791,0.3467,0.3514,112815250.3
403,2023-06-06,0.3514,0.3569,0.3365,0.3531,90606305.0
404,2023-06-07,0.353,0.3531,0.3177,0.3223,150728402.3
405,2023-06-08,0.3223,0.3308,0.3198,0.3228,104686899.3
406,2023-06-09,0.3229,0.324,0.2902,0.2951,246384470.8
407,2023-06-10,0.2951,0.2953,0.22,0.2747,757333075.3
408,2023-06-11,0.2748,0.28,0.259,0.272,262186505.2
409,2023-06-12,0.2719,0.2865,0.2648,0.2748,222382051.8
410,2023-06-13,0.2747,0.2896,0.2684,0.2752,156748499.8
411,2023-06-14,0.2752,0.2773,0.256,0.2633,133531077.0
412,2023-06-15,0.2634,0.266,0.2525,0.262,140877163.2
413,2023-06-16,0.2621,0.2675,0.2535,0.2632,89417626.3
414,2023-06-17,0.2633,0.2737,0.2607,0.2667,88054261.3
415,2023-06-18,0.2667,0.2691,0.2588,0.261,65212614.6
416,2023-06-19,0.261,0.2638,0.2571,0.2634,70893812.3
417,2023-06-20,0.2634,0.2707,0.2522,0.2705,109090810.6
418,2023-06-21,0.2706,0.289,0.2687,0.2862,189786985.2
419,2023-06-22,0.2861,0.3049,0.2856,0.2899,167726209.8
420,2023-06-23,0.2899,0.3028,0.2867,0.2966,117254934.0
421,2023-06-24,0.2967,0.2975,0.2843,0.2892,88286411.9
422,2023-06-25,0.2893,0.305,0.2885,0.2921,103164289.5
423,2023-06-26,0.292,0.2923,0.2766,0.2805,92192313.0
424,2023-06-27,0.2806,0.2897,0.2775,0.2867,84320347.3
425,2023-06-28,0.2868,0.2869,0.2599,0.2669,140734583.3
426,2023-06-29,0.2669,0.2782,0.2664,0.2752,88026541.6
427,2023-06-30,0.2753,0.2997,0.2672,0.2869,272156267.9
428,2023-07-01,0.287,0.2938,0.2812,0.2924,88196474.2
429,2023-07-02,0.2924,0.2939,0.2853,0.2916,74721548.0
430,2023-07-03,0.2916,0.2993,0.2902,0.2967,71590689.3
431,2023-07-04,0.2966,0.3016,0.289,0.2924,107425650.5
432,2023-07-05,0.2924,0.2963,0.2797,0.2839,106289740.4
433,2023-07-06,0.2839,0.2937,0.2761,0.2784,144527874.2
434,2023-07-07,0.2783,0.2855,0.2761,0.2844,100178705.4
435,2023-07-08,0.2844,0.2931,0.2817,0.2907,106202528.4
436,2023-07-09,0.2907,0.2918,0.283,0.2844,94953544.0
437,2023-07-10,0.2843,0.2927,0.2781,0.2878,122097011.3
438,2023-07-11,0.2878,0.2941,0.2874,0.2927,98565787.5
439,2023-07-12,0.2927,0.2954,0.2848,0.289,77926024.7
440,2023-07-13,0.289,0.3673,0.2857,0.3567,508960536.5
441,2023-07-14,0.3567,0.3793,0.316,0.3277,344645916.7
442,2023-07-15,0.3278,0.3376,0.324,0.326,87463902.2
443,2023-07-16,0.3261,0.3278,0.312,0.3146,132942159.3
444,2023-07-17,0.3145,0.3197,0.3055,0.3118,121471436.2
445,2023-07-18,0.3117,0.314,0.2996,0.3095,151432242.5
446,2023-07-19,0.3094,0.326,0.3069,0.3226,215253837.4
447,2023-07-20,0.3226,0.3332,0.313,0.3161,166938424.7
448,2023-07-21,0.3161,0.3184,0.3103,0.3127,70324894.6
449,2023-07-22,0.3128,0.3149,0.3062,0.31,58496057.3
450,2023-07-23,0.31,0.3191,0.3071,0.3171,50429234.4
451,2023-07-24,0.3172,0.319,0.3,0.3053,100248697.4
452,2023-07-25,0.3051,0.3078,0.3014,0.3037,61989431.0
453,2023-07-26,0.3037,0.3107,0.3003,0.3069,90818421.0
454,2023-07-27,0.3069,0.3135,0.3053,0.3077,58397987.4
455,2023-07-28,0.3078,0.3134,0.3062,0.3099,46597667.1
456,2023-07-29,0.3099,0.3144,0.3087,0.313,58072439.0
457,2023-07-30,0.3129,0.3181,0.3052,0.3156,60782448.0
458,2023-07-31,0.3157,0.319,0.3063,0.307,70168122.6
459,2023-08-01,0.307,0.3106,0.2948,0.3103,87820146.1
460,2023-08-02,0.3103,0.312,0.2974,0.2993,68334103.8
461,2023-08-03,0.2993,0.3014,0.2888,0.2922,99581572.7
462,2023-08-04,0.2923,0.2972,0.2902,0.2935,51367134.7
463,2023-08-05,0.2936,0.2942,0.2901,0.2938,29967210.9
464,2023-08-06,0.2938,0.2958,0.2906,0.2923,28144338.0
465,2023-08-07,0.2922,0.2961,0.2818,0.291,69256542.6
466,2023-08-08,0.291,0.3026,0.2896,0.2974,97955669.9
467,2023-08-09,0.2974,0.3023,0.296,0.3013,55701452.3
468,2023-08-10,0.3014,0.3018,0.296,0.2965,50339891.6
469,2023-08-11,0.2965,0.2976,0.2924,0.2933,30373249.6
470,2023-08-12,0.2934,0.2946,0.2907,0.2919,35784585.7
471,2023-08-13,0.292,0.2936,0.2868,0.2894,49756311.8
472,2023-08-14,0.2895,0.2927,0.2872,0.2906,39940476.2
473,2023-08-15,0.2906,0.2911,0.2741,0.282,68128212.8
474,2023-08-16,0.282,0.2829,0.2654,0.2747,112051659.2
475,2023-08-17,0.2748,0.2785,0.238,0.2553,183020531.1
476,2023-08-18,0.2552,0.2674,0.2547,0.264,127151195.7
477,2023-08-19,0.264,0.2698,0.2603,0.2688,55279750.4
478,2023-08-20,0.2688,0.2732,0.2647,0.2703,39701431.0
479,2023-08-21,0.2703,0.2725,0.2586,0.2628,60006555.7
480,2023-08-22,0.2629,0.2633,0.25,0.2588,81237011.7
481,2023-08-23,0.2587,0.27,0.258,0.2681,69984062.1
482,2023-08-24,0.2681,0.2714,0.2622,0.2659,49728611.9
483,2023-08-25,0.2659,0.2712,0.2591,0.2612,113233017.8
484,2023-08-26,0.2612,0.2618,0.2576,0.261,47226296.0
485,2023-08-27,0.261,0.2653,0.26,0.2634,49902951.1
486,2023-08-28,0.2635,0.2679,0.2576,0.2676,54934617.6
487,2023-08-29,0.2676,0.2802,0.2602,0.2726,147979504.9
488,2023-08-30,0.2726,0.273,0.2605,0.2654,102074556.8
489,2023-08-31,0.2655,0.2667,0.2492,0.2554,92935093.3
490,2023-09-01,0.2554,0.2588,0.2514,0.2551,62605625.4
491,2023-09-02,0.2551,0.2574,0.2536,0.2562,21898057.0
492,2023-09-03,0.2562,0.2569,0.2531,0.2559,33024398.4
493,2023-09-04,0.2559,0.26,0.2532,0.2561,40657488.5
494,2023-09-05,0.2562,0.2589,0.2538,0.2578,40887843.7
495,2023-09-06,0.2578,0.2612,0.2521,0.2577,57656386.6
496,2023-09-07,0.2577,0.2596,0.2531,0.2579,63998483.8
497,2023-09-08,0.258,0.2597,0.2527,0.2544,54595507.4
498,2023-09-09,0.2544,0.2558,0.2531,0.2533,18121235.9
499,2023-09-10,0.2534,0.2534,0.2423,0.249,82463546.6
500,2023-09-11,0.2491,0.2496,0.2367,0.2421,74448945.4
501,2023-09-12,0.2421,0.2527,0.2408,0.2455,55963149.9
502,2023-09-13,0.2455,0.25,0.2434,0.2487,42074899.2
503,2023-09-14,0.2487,0.2527,0.2465,0.2513,49307776.8
504,2023-09-15,0.2514,0.2552,0.2451,0.2505,68762333.2
505,2023-09-16,0.2506,0.2539,0.2483,0.2503,34777177.1
506,2023-09-17,0.2503,0.2513,0.2443,0.2471,42170651.7
507,2023-09-18,0.2471,0.256,0.2441,0.2516,71770689.6
508,2023-09-19,0.2515,0.258,0.2506,0.2548,52966563.7
509,2023-09-20,0.2548,0.2565,0.25,0.2517,53146080.0
510,2023-09-21,0.2517,0.2531,0.2448,0.2449,58361302.0
511,2023-09-22,0.245,0.2465,0.2427,0.2449,73938896.4
512,2023-09-23,0.245,0.2468,0.2436,0.2461,25631020.4
513,2023-09-24,0.246,0.2463,0.2416,0.2427,27611468.8
514,2023-09-25,0.2428,0.2463,0.2404,0.2459,39187490.9
515,2023-09-26,0.2459,0.2479,0.243,0.2455,28346745.0
516,2023-09-27,0.2455,0.2484,0.2426,0.2446,39114830.2
517,2023-09-28,0.2447,0.2508,0.2433,0.2489,49669473.6
518,2023-09-29,0.249,0.2559,0.2476,0.2494,88297074.2
519,2023-09-30,0.2494,0.2548,0.2489,0.254,41541821.3
520,2023-10-01,0.254,0.2679,0.2537,0.2659,78880890.4
521,2023-10-02,0.2659,0.2696,0.2574,0.2591,91440764.3
522,2023-10-03,0.2591,0.2646,0.2574,0.261,58464738.7
523,2023-10-04,0.2609,0.2614,0.2525,0.2589,63613390.5
524,2023-10-05,0.259,0.264,0.2566,0.2602,49552668.7
525,2023-10-06,0.2603,0.267,0.2602,0.2646,43655463.6
526,2023-10-07,0.2646,0.2657,0.2563,0.2587,52025210.8
527,2023-10-08,0.2588,0.2591,0.2553,0.2563,26666220.2
528,2023-10-09,0.2564,0.2586,0.2488,0.2513,75592665.2
529,2023-10-10,0.2513,0.2538,0.2466,0.249,64320917.1
530,2023-10-11,0.2491,0.2496,0.2447,0.2481,78623427.5
531,2023-10-12,0.2481,0.2482,0.2422,0.246,35000900.0
532,2023-10-13,0.2461,0.2498,0.2449,0.2458,35522662.0
533,2023-10-14,0.2459,0.2478,0.2449,0.247,19550143.8
534,2023-10-15,0.247,0.2484,0.2454,0.2473,23294593.0
535,2023-10-16,0.2474,0.26,0.2472,0.2513,89063648.9
536,2023-10-17,0.2514,0.2519,0.2446,0.2463,44841890.9
537,2023-10-18,0.2464,0.2483,0.2422,0.243,35611192.0
538,2023-10-19,0.243,0.247,0.2394,0.2469,47562468.3
539,2023-10-20,0.247,0.2532,0.2454,0.2512,68958714.1
540,2023-10-21,0.2513,0.2628,0.2495,0.2586,74687552.0
541,2023-10-22,0.2587,0.2644,0.2553,0.2639,59063453.1
542,2023-10-23,0.264,0.2813,0.2616,0.2807,138213642.7
543,2023-10-24,0.2808,0.2939,0.2733,0.2792,171131052.9
544,2023-10-25,0.2793,0.29,0.2762,0.2808,100707132.0
545,2023-10-26,0.2809,0.298,0.28,0.2872,126349394.6
546,2023-10-27,0.2871,0.2926,0.2806,0.2893,59005757.2
547,2023-10-28,0.2893,0.2975,0.2887,0.2909,43195418.6
548,2023-10-29,0.2909,0.2986,0.2881,0.2954,45363693.5
549,2023-10-30,0.2955,0.3031,0.292,0.3031,88760107.7
550,2023-10-31,0.3031,0.3046,0.2845,0.293,115945883.2
551,2023-11-01,0.2929,0.3087,0.2839,0.3071,144162060.8
552,2023-11-02,0.3072,0.3295,0.2981,0.323,201974366.4
553,2023-11-03,0.3231,0.3296,0.3114,0.3292,134180972.4
554,2023-11-04,0.3291,0.3306,0.3208,0.3278,63442713.4
555,2023-11-05,0.3278,0.35,0.326,0.3419,130046711.3
556,2023-11-06,0.3419,0.3757,0.3373,0.3624,179872075.7
557,2023-11-07,0.3624,0.3655,0.3335,0.3512,204897945.9
558,2023-11-08,0.3512,0.3603,0.3486,0.3577,113764823.7
559,2023-11-09,0.3577,0.3864,0.3417,0.3684,275776697.4
560,2023-11-10,0.3685,0.3886,0.3626,0.3859,191392833.4
561,2023-11-11,0.386,0.3951,0.3694,0.3844,197565105.7
562,2023-11-12,0.3844,0.3914,0.3705,0.3834,131765655.6
563,2023-11-13,0.3835,0.3885,0.3529,0.3568,173268736.2
564,2023-11-14,0.3568,0.3719,0.34,0.3579,162292352.2
565,2023-11-15,0.3579,0.3794,0.3534,0.3788,127946698.0
566,2023-11-16,0.3787,0.4095,0.3585,0.3706,307196631.1
567,2023-11-17,0.3707,0.3783,0.3527,0.3671,142430049.9
568,2023-11-18,0.3671,0.3777,0.3488,0.3772,112215311.8
569,2023-11-19,0.3771,0.3857,0.3687,0.384,101902781.3
570,2023-11-20,0.384,0.3994,0.378,0.3804,132991378.7
571,2023-11-21,0.3803,0.3899,0.3551,0.3566,169158003.7
572,2023-11-22,0.3566,0.3874,0.3553,0.3805,93647895.7
573,2023-11-23,0.3805,0.3874,0.376,0.3873,68175668.9
574,2023-11-24,0.3872,0.3977,0.3836,0.3862,108957051.4
575,2023-11-25,0.3862,0.3959,0.3845,0.3941,52139797.7
576,2023-11-26,0.3942,0.3956,0.3782,0.3873,64465067.7
577,2023-11-27,0.3874,0.3922,0.3712,0.3777,70669351.5
578,2023-11-28,0.3778,0.3883,0.3693,0.3858,79174386.6
579,2023-11-29,0.3857,0.3892,0.3775,0.3816,68200523.6
580,2023-11-30,0.3817,0.3829,0.3719,0.3759,59930456.8
581,2023-12-01,0.376,0.3855,0.3736,0.3844,56334397.5
582,2023-12-02,0.3844,0.398,0.3827,0.3976,68638568.3
583,2023-12-03,0.3976,0.403,0.3878,0.3949,91882676.8
584,2023-12-04,0.3948,0.415,0.3911,0.4068,177280730.9
585,2023-12-05,0.4069,0.426,0.3969,0.4257,153779346.5
586,2023-12-06,0.4258,0.455,0.4162,0.4429,270929667.9
587,2023-12-07,0.4431,0.4599,0.4312,0.4555,180487882.7
588,2023-12-08,0.4555,0.5719,0.4519,0.5454,514331728.7
589,2023-12-09,0.5455,0.6474,0.5441,0.5791,716161289.8
590,2023-12-10,0.5791,0.6167,0.5694,0.5948,307447745.2
591,2023-12-11,0.5947,0.5984,0.5106,0.5507,403945042.2
592,2023-12-12,0.5507,0.6075,0.5506,0.5784,348838584.3
593,2023-12-13,0.5784,0.6788,0.5419,0.6675,493921678.8
594,2023-12-14,0.6677,0.68,0.61,0.6433,345212494.2
595,2023-12-15,0.6433,0.6541,0.5998,0.6004,240571744.1
596,2023-12-16,0.6004,0.6258,0.5865,0.6078,152365355.7
597,2023-12-17,0.6078,0.6182,0.5772,0.5804,133192915.3
598,2023-12-18,0.5805,0.6032,0.5435,0.6021,204175142.0
599,2023-12-19,0.602,0.6173,0.5661,0.5761,198847462.1
600,2023-12-20,0.576,0.61,0.5686,0.5894,198909767.8
601,2023-12-21,0.5893,0.6397,0.5818,0.6351,226299061.9
602,2023-12-22,0.6352,0.6513,0.6052,0.6226,214849930.8
603,2023-12-23,0.6225,0.6231,0.5964,0.613,126272911.7
604,2023-12-24,0.613,0.6286,0.585,0.5919,217308386.0
605,2023-12-25,0.5919,0.635,0.589,0.6242,163634887.8
606,2023-12-26,0.624,0.6279,0.5601,0.6087,221963239.7
607,2023-12-27,0.6087,0.643,0.5839,0.6334,229068834.3
608,2023-12-28,0.6334,0.6769,0.61,0.6158,321217533.2
609,2023-12-29,0.6158,0.6258,0.5908,0.6083,195162581.0
610,2023-12-30,0.6082,0.6133,0.5929,0.6011,96059388.4
611,2023-12-31,0.601,0.61,0.58,0.594,104191519.8
612,2024-01-01,0.5939,0.624,0.5902,0.6232,91021386.4
613,2024-01-02,0.6233,0.637,0.6015,0.605,160535672.8
614,2024-01-03,0.6051,0.6188,0.5,0.5569,319806612.8
615,2024-01-04,0.5568,0.5791,0.5491,0.5699,149952088.0
616,2024-01-05,0.57,0.5726,0.522,0.5414,152848545.9
617,2024-01-06,0.5413,0.5429,0.5068,0.5227,120959496.4
618,2024-01-07,0.5227,0.53,0.4877,0.4945,111767718.9
619,2024-01-08,0.4945,0.5487,0.4643,0.5412,216099815.2
620,2024-01-09,0.5412,0.5436,0.4964,0.5124,168923575.1
621,2024-01-10,0.5123,0.5895,0.4872,0.566,279571914.5
622,2024-01-11,0.5662,0.6174,0.5607,0.582,287865723.4
623,2024-01-12,0.582,0.5891,0.5271,0.5476,158309249.6
624,2024-01-13,0.5477,0.554,0.531,0.5491,73966558.1
625,2024-01-14,0.5491,0.5502,0.5233,0.5251,74139564.7
626,2024-01-15,0.5251,0.5416,0.5217,0.5276,63585526.0
627,2024-01-16,0.5276,0.5482,0.525,0.5356,74354014.5
628,2024-01-17,0.5356,0.5395,0.5213,0.5282,63933793.0
629,2024-01-18,0.5282,0.5283,0.4955,0.5026,92941269.5
630,2024-01-19,0.5027,0.5054,0.4713,0.5044,119926942.0
631,2024-01-20,0.5043,0.5179,0.4986,0.516,79444228.6
632,2024-01-21,0.5159,0.5205,0.5024,0.5032,54007901.7
633,2024-01-22,0.5031,0.5063,0.4767,0.4786,143854450.0
634,2024-01-23,0.4787,0.4863,0.4477,0.4773,179364936.7
635,2024-01-24,0.4773,0.4805,0.4643,0.4765,94074417.5
636,2024-01-25,0.4766,0.4841,0.4585,0.4666,85672497.7
637,2024-01-26,0.4667,0.4904,0.463,0.4849,106524727.9
638,2024-01-27,0.485,0.49,0.4754,0.4862,55368149.5
639,2024-01-28,0.4862,0.5006,0.4834,0.4903,97129557.5
640,2024-01-29,0.4903,0.5282,0.4836,0.526,121001422.1
641,2024-01-30,0.5261,0.5367,0.5122,0.5136,131938020.8
642,2024-01-31,0.5137,0.5203,0.4932,0.4976,132999623.5
643,2024-02-01,0.4976,0.5084,0.4858,0.5078,97823370.7
644,2024-02-02,0.5077,0.5244,0.5041,0.5146,109308591.4
645,2024-02-03,0.5147,0.5257,0.5117,0.5124,62959942.6
646,2024-02-04,0.5125,0.5126,0.4932,0.4934,57766921.8
647,2024-02-05,0.4933,0.5062,0.4872,0.4944,74074301.1
648,2024-02-06,0.4944,0.5042,0.4887,0.4983,74173617.7
649,2024-02-07,0.4982,0.5025,0.4727,0.5022,180295685.6
650,2024-02-08,0.5023,0.5361,0.502,0.5304,228609030.6
651,2024-02-09,0.5304,0.5485,0.5278,0.5407,154515283.0
652,2024-02-10,0.5407,0.5581,0.528,0.5515,115859589.7
653,2024-02-11,0.5515,0.5654,0.5353,0.5414,159388533.1
654,2024-02-12,0.5415,0.5658,0.5306,0.5592,156086926.2
655,2024-02-13,0.5591,0.5645,0.5338,0.5449,128760890.4
656,2024-02-14,0.5448,0.5833,0.5396,0.5768,164094581.5
657,2024-02-15,0.5769,0.6126,0.5706,0.6087,232282054.4
658,2024-02-16,0.6087,0.614,0.5821,0.5986,148909729.5
659,2024-02-17,0.5987,0.611,0.5687,0.6096,128162404.1
660,2024-02-18,0.6096,0.6391,0.6093,0.6193,207753370.3
661,2024-02-19,0.6194,0.6389,0.6147,0.6308,169787705.9
662,2024-02-20,0.6308,0.6414,0.5958,0.6216,233760627.4
663,2024-02-21,0.6216,0.6237,0.5747,0.5988,133532235.1
664,2024-02-22,0.5987,0.608,0.5806,0.5858,128991781.0
665,2024-02-23,0.5858,0.5953,0.568,0.5824,117449758.1
666,2024-02-24,0.5823,0.5998,0.5697,0.5969,95375216.6
667,2024-02-25,0.5969,0.6007,0.5806,0.5914,78055822.8
668,2024-02-26,0.5913,0.6222,0.5732,0.6191,169685875.5
669,2024-02-27,0.6192,0.63,0.6073,0.6239,194585795.4
670,2024-02-28,0.6238,0.661,0.5961,0.6287,355791252.9
671,2024-02-29,0.6287,0.7088,0.6223,0.6547,496600842.9
672,2024-03-01,0.6549,0.72,0.6529,0.7195,227378496.5
673,2024-03-02,0.7196,0.7638,0.7171,0.7416,297746478.5
674,2024-03-03,0.7414,0.7421,0.685,0.7279,205502738.3
675,2024-03-04,0.728,0.7986,0.7219,0.7701,404835737.3
676,2024-03-05,0.77,0.7831,0.571,0.6923,620713725.8
677,2024-03-06,0.6923,0.7575,0.665,0.7349,295551593.1
678,2024-03-07,0.735,0.755,0.7181,0.7427,207951361.7
679,2024-03-08,0.7427,0.7547,0.698,0.7228,217116920.9
680,2024-03-09,0.7228,0.7461,0.72,0.7416,117539314.3
681,2024-03-10,0.7416,0.744,0.7,0.7166,124973655.8
682,2024-03-11,0.7165,0.7882,0.685,0.7754,320630328.7
683,2024-03-12,0.7754,0.7764,0.704,0.7481,227151117.0
684,2024-03-13,0.7482,0.7731,0.7357,0.7638,168550753.8
685,2024-03-14,0.7639,0.8104,0.7133,0.7509,416026694.0
686,2024-03-15,0.7509,0.7647,0.669,0.7274,342389407.2
687,2024-03-16,0.7274,0.7355,0.65,0.6591,253748203.3
688,2024-03-17,0.6591,0.6881,0.6288,0.6814,188639901.3
689,2024-03-18,0.6814,0.699,0.642,0.6603,193908706.1
690,2024-03-19,0.6603,0.6661,0.58,0.5864,350014516.9
691,2024-03-20,0.5864,0.6441,0.5689,0.6396,283086563.5
692,2024-03-21,0.6395,0.6484,0.6178,0.6318,162134047.4
693,2024-03-22,0.6319,0.6427,0.5987,0.6147,138778065.1
694,2024-03-23,0.6147,0.6394,0.6103,0.6232,79575095.9
695,2024-03-24,0.6231,0.6482,0.6224,0.6468,80674633.1
696,2024-03-25,0.6469,0.6684,0.6379,0.6567,129205089.7
697,2024-03-26,0.6566,0.6837,0.6517,0.665,128211683.4
698,2024-03-27,0.665,0.671,0.6301,0.6478,141784476.2
699,2024-03-28,0.6478,0.658,0.6352,0.6511,92872752.8
700,2024-03-29,0.6511,0.6678,0.635,0.6643,129589892.2
701,2024-03-30,0.6643,0.6691,0.6416,0.6436,89397036.8
702,2024-03-31,0.6435,0.6535,0.6418,0.6501,61338789.9
703,2024-04-01,0.6501,0.6515,0.605,0.6212,156775712.2
704,2024-04-02,0.6211,0.6214,0.5723,0.5807,194496435.1
705,2024-04-03,0.5807,0.595,0.5622,0.5693,117116217.3
706,2024-04-04,0.5693,0.5967,0.5588,0.5831,134498067.6
707,2024-04-05,0.5831,0.5849,0.5593,0.5741,106755812.6
708,2024-04-06,0.5741,0.5896,0.5714,0.5836,50089819.8
709,2024-04-07,0.5837,0.5972,0.5817,0.5892,71643798.6
710,2024-04-08,0.5893,0.6166,0.5793,0.6137,112868465.7
711,2024-04-09,0.6137,0.6242,0.5903,0.5912,140670945.7
712,2024-04-10,0.5912,0.5941,0.5572,0.5862,146079444.2
713,2024-04-11,0.5862,0.5945,0.5755,0.5858,80939649.6
714,2024-04-12,0.5858,0.5924,0.45,0.5027,446034030.9
715,2024-04-13,0.5027,0.5164,0.3994,0.4449,475184725.6
716,2024-04-14,0.4448,0.4778,0.4322,0.4673,362259711.3
717,2024-04-15,0.4673,0.4952,0.4388,0.461,269902887.3
718,2024-04-16,0.461,0.4781,0.4391,0.4583,171457504.8
719,2024-04-17,0.4583,0.4651,0.4272,0.444,186425966.0
720,2024-04-18,0.4441,0.461,0.4343,0.458,132581719.0
721,2024-04-19,0.458,0.4758,0.4227,0.4682,213036756.4
722,2024-04-20,0.4681,0.5083,0.4643,0.5072,177539872.5
723,2024-04-21,0.5073,0.5126,0.4874,0.4993,97169818.8
724,2024-04-22,0.4994,0.5225,0.4948,0.5167,109611168.0
725,2024-04-23,0.5167,0.5217,0.497,0.5,114960663.5
726,2024-04-24,0.4999,0.5109,0.4688,0.4746,160604995.8
727,2024-04-25,0.4747,0.48,0.4624,0.4705,91924876.1
728,2024-04-26,0.4705,0.4789,0.4607,0.4631,83089637.1
729,2024-04-27,0.4631,0.4701,0.444,0.4675,95742384.2
730,2024-04-28,0.4675,0.4785,0.4583,0.4603,64574729.5
731,2024-04-29,0.4602,0.4638,0.4463,0.4571,76427014.0
732,2024-04-30,0.4572,0.4632,0.4254,0.4412,126093063.6
733,2024-05-01,0.4412,0.4579,0.4184,0.4501,163802414.7
734,2024-05-02,0.4501,0.4625,0.4386,0.4578,93572218.4
735,2024-05-03,0.4577,0.4736,0.4462,0.4673,97178116.8
736,2024-05-04,0.4674,0.4759,0.4623,0.4633,61758692.4
737,2024-05-05,0.4633,0.4661,0.4521,0.458,65843432.5
738,2024-05-06,0.4579,0.4757,0.4513,0.4541,100853816.9
739,2024-05-07,0.454,0.4567,0.4407,0.4414,86403537.3
740,2024-05-08,0.4413,0.469,0.4363,0.4518,155420658.9
741,2024-05-09,0.4517,0.4645,0.4469,0.4635,85381130.6
742,2024-05-10,0.4635,0.4688,0.4431,0.4479,86117375.2
743,2024-05-11,0.4479,0.4511,0.4379,0.439,44305780.0
744,2024-05-12,0.4388,0.4436,0.4331,0.4377,33671129.0
745,2024-05-13,0.4378,0.4532,0.4251,0.4368,108437847.9
746,2024-05-14,0.4367,0.4386,0.426,0.4285,77134834.9
747,2024-05-15,0.4285,0.4558,0.4258,0.4524,87948334.1
748,2024-05-16,0.4525,0.4627,0.4485,0.4597,94019232.9
749,2024-05-17,0.4598,0.4907,0.455,0.4824,108680341.7
750,2024-05-18,0.4825,0.486,0.4755,0.482,45922360.7
751,2024-05-19,0.4819,0.484,0.4645,0.4672,52848896.0
752,2024-05-20,0.4672,0.5033,0.4605,0.502,152399432.6
753,2024-05-21,0.5021,0.5106,0.4906,0.4946,140920414.1
754,2024-05-22,0.4946,0.4954,0.4746,0.4835,100783629.4
755,2024-05-23,0.4835,0.4885,0.444,0.4656,164392270.6
756,2024-05-24,0.4655,0.4696,0.4541,0.4601,79004514.8
757,2024-05-25,0.4601,0.4647,0.4572,0.4623,52870401.3
758,2024-05-26,0.4623,0.463,0.455,0.4581,47905238.8
759,2024-05-27,0.4581,0.475,0.4566,0.4683,77194284.1
760,2024-05-28,0.4683,0.4694,0.452,0.4576,103514209.4
761,2024-05-29,0.4577,0.4642,0.45,0.4512,86483314.0
762,2024-05-30,0.451,0.4556,0.4432,0.4465,88752476.4
763,2024-05-31,0.4465,0.4559,0.4436,0.447,62854052.2
764,2024-06-01,0.447,0.4533,0.445,0.4499,31130909.6
765,2024-06-02,0.4499,0.4541,0.4406,0.4465,59363693.5
766,2024-06-03,0.4465,0.4632,0.4434,0.4573,75171575.4
767,2024-06-04,0.4574,0.4656,0.4526,0.4615,61587251.6
768,2024-06-05,0.4615,0.4654,0.457,0.4613,63025277.7
769,2024-06-06,0.4612,0.4621,0.4505,0.4582,60496507.5
770,2024-06-07,0.4582,0.49,0.4253,0.4492,239701551.5
771,2024-06-08,0.4493,0.4493,0.4322,0.4368,89241948.8
772,2024-06-09,0.4367,0.4462,0.4318,0.4442,42256582.2
773,2024-06-10,0.4442,0.4513,0.4349,0.4406,86969425.3
774,2024-06-11,0.4406,0.4419,0.4128,0.422,138567339.0
775,2024-06-12,0.4219,0.4445,0.4144,0.4378,121613605.3
776,2024-06-13,0.4377,0.4392,0.4191,0.421,110639835.0
777,2024-06-14,0.4209,0.4248,0.4,0.412,116922808.4
778,2024-06-15,0.4121,0.4158,0.4082,0.414,47189963.7
779,2024-06-16,0.414,0.4193,0.409,0.4168,37640933.2
780,2024-06-17,0.4167,0.421,0.3901,0.4013,124025287.9
781,2024-06-18,0.4013,0.4027,0.3575,0.3837,215871708.0
782,2024-06-19,0.3836,0.3978,0.3801,0.3844,84821749.0
783,2024-06-20,0.3845,0.3974,0.3772,0.3844,81788373.7
784,2024-06-21,0.3844,0.3909,0.3736,0.376,77104500.3
785,2024-06-22,0.376,0.3912,0.3714,0.3846,76900986.8
786,2024-06-23,0.3847,0.3934,0.3785,0.38,56593832.5
787,2024-06-24,0.3801,0.3817,0.361,0.3777,119340661.4
788,2024-06-25,0.3777,0.3974,0.3769,0.3918,70104337.4
789,2024-06-26,0.3918,0.3965,0.3824,0.385,80311716.8
790,2024-06-27,0.385,0.3941,0.3777,0.3913,83592286.9
791,2024-06-28,0.3913,0.397,0.3851,0.3858,92147447.1
792,2024-06-29,0.3858,0.4039,0.3832,0.3841,70624426.8
793,2024-06-30,0.384,0.3944,0.3785,0.3924,52136153.2
794,2024-07-01,0.3925,0.4086,0.3915,0.4032,70915901.7
795,2024-07-02,0.4033,0.4198,0.4027,0.4184,67487705.8
796,2024-07-03,0.4184,0.4235,0.4001,0.4069,98718851.9
797,2024-07-04,0.407,0.4139,0.3614,0.3623,149416521.3
798,2024-07-05,0.3622,0.3623,0.3165,0.3501,323282253.6
799,2024-07-06,0.3501,0.3733,0.3464,0.3707,90921251.5
800,2024-07-07,0.3707,0.3716,0.3444,0.3466,74443934.6
801,2024-07-08,0.3467,0.3802,0.3301,0.3691,178789658.0
802,2024-07-09,0.3691,0.3809,0.3626,0.3754,71495085.0
803,2024-07-10,0.3755,0.39,0.3717,0.3885,63358979.6
804,2024-07-11,0.3885,0.405,0.3844,0.3959,87567536.7
805,2024-07-12,0.396,0.4181,0.3932,0.4165,100898164.4
806,2024-07-13,0.4166,0.4464,0.4115,0.4416,98135951.1
807,2024-07-14,0.4416,0.445,0.4248,0.4317,101540405.4
808,2024-07-15,0.4317,0.4458,0.431,0.4449,125566239.6
809,2024-07-16,0.4449,0.4526,0.4264,0.4381,126834589.9
810,2024-07-17,0.4381,0.457,0.4353,0.4359,105320100.0
811,2024-07-18,0.4359,0.4498,0.4199,0.4234,80622639.4
812,2024-07-19,0.4235,0.4429,0.4145,0.439,80349138.6
813,2024-07-20,0.4389,0.4419,0.4275,0.4373,54136437.1
814,2024-07-21,0.4373,0.449,0.4166,0.4469,85361994.3
815,2024-07-22,0.447,0.4504,0.4234,0.4262,79086035.0
816,2024-07-23,0.4261,0.4296,0.4028,0.41,86052015.5
817,2024-07-24,0.41,0.4217,0.4038,0.4063,97197388.2
818,2024-07-25,0.4062,0.4085,0.3816,0.3948,96406178.5
819,2024-07-26,0.3948,0.4199,0.3944,0.4172,59178553.1
820,2024-07-27,0.4172,0.4292,0.4126,0.4176,171402225.1
821,2024-07-28,0.4176,0.4207,0.4043,0.4073,80650723.3
822,2024-07-29,0.4072,0.4272,0.403,0.4031,83989483.1
823,2024-07-30,0.4031,0.4077,0.394,0.4015,66547192.1
824,2024-07-31,0.4015,0.4078,0.3871,0.3882,64025495.7
825,2024-08-01,0.3881,0.3958,0.3681,0.3925,93185663.4
826,2024-08-02,0.3925,0.3952,0.3578,0.3636,122506209.6
827,2024-08-03,0.3637,0.373,0.3489,0.3646,87498771.3
828,2024-08-04,0.3646,0.3677,0.3335,0.3442,97503415.0
829,2024-08-05,0.3442,0.346,0.2756,0.3119,592112788.2
830,2024-08-06,0.3118,0.3369,0.3114,0.331,125385161.0
831,2024-08-07,0.331,0.341,0.3161,0.3241,108079429.6
832,2024-08-08,0.3241,0.3535,0.3187,0.3516,108236428.8
833,2024-08-09,0.3515,0.3545,0.3365,0.3483,75715466.2
834,2024-08-10,0.3484,0.3524,0.3442,0.3457,32923978.4
835,2024-08-11,0.3456,0.3566,0.3269,0.3276,58078474.9
836,2024-08-12,0.3276,0.3447,0.3263,0.339,75901662.9
837,2024-08-13,0.3389,0.3451,0.3306,0.34,46778962.1
838,2024-08-14,0.34,0.3457,0.3308,0.3352,52329030.8
839,2024-08-15,0.3353,0.3419,0.3204,0.3248,73704919.9
840,2024-08-16,0.3249,0.3455,0.3202,0.3301,89181725.2
841,2024-08-17,0.3301,0.3388,0.3274,0.3373,37562981.3
842,2024-08-18,0.3374,0.34,0.3327,0.3342,31399291.8
843,2024-08-19,0.3342,0.3378,0.3276,0.3367,59429594.3
844,2024-08-20,0.3367,0.3483,0.3352,0.3434,67569520.8
845,2024-08-21,0.3434,0.3775,0.3423,0.3689,120694348.6
846,2024-08-22,0.3689,0.3775,0.3642,0.3763,74918204.0
847,2024-08-23,0.3763,0.3926,0.3736,0.3912,103804942.5
848,2024-08-24,0.3912,0.4014,0.3877,0.3935,68874709.6
849,2024-08-25,0.3935,0.3944,0.3775,0.3849,64228390.3
850,2024-08-26,0.3849,0.388,0.3659,0.3661,85653817.5
851,2024-08-27,0.3661,0.3729,0.3419,0.3503,95443201.9
852,2024-08-28,0.3503,0.3606,0.3406,0.3502,90938224.2
853,2024-08-29,0.3502,0.3676,0.3491,0.3578,80645542.3
854,2024-08-30,0.3577,0.3621,0.3373,0.3469,103161060.8
855,2024-08-31,0.3469,0.3504,0.3444,0.345,27057484.0
856,2024-09-01,0.3451,0.3458,0.3267,0.3311,63866107.4
857,2024-09-02,0.331,0.3374,0.325,0.3362,70472662.0
858,2024-09-03,0.3362,0.3398,0.3172,0.3185,75474745.4
859,2024-09-04,0.3184,0.3293,0.305,0.3231,120424863.1
860,2024-09-05,0.3231,0.3401,0.3195,0.3251,116970963.2
861,2024-09-06,0.3251,0.3319,0.3034,0.3148,132485885.1
862,2024-09-07,0.3148,0.3278,0.3145,0.3253,44625799.5
863,2024-09-08,0.3253,0.3409,0.3237,0.339,71465766.9
864,2024-09-09,0.339,0.3489,0.3376,0.3435,80797659.4
865,2024-09-10,0.3434,0.3457,0.3374,0.3431,51064979.8
866,2024-09-11,0.3431,0.3573,0.33,0.3532,76745712.0
867,2024-09-12,0.3532,0.3617,0.352,0.3564,83045574.5
868,2024-09-13,0.3563,0.365,0.3503,0.3606,61642001.2
869,2024-09-14,0.3606,0.3617,0.351,0.3539,40948020.2
870,2024-09-15,0.354,0.3563,0.3341,0.3385,67858002.3
871,2024-09-16,0.3386,0.3386,0.3264,0.3303,66210102.2
872,2024-09-17,0.3302,0.3431,0.3284,0.3338,58973434.3
873,2024-09-18,0.3337,0.3443,0.3272,0.3441,70247471.4
874,2024-09-19,0.3442,0.3564,0.3442,0.351,88788525.3
875,2024-09-20,0.351,0.3613,0.3488,0.3522,63999487.4
876,2024-09-21,0.3522,0.36,0.3505,0.3584,40999174.4
877,2024-09-22,0.3584,0.3594,0.3427,0.3517,53113544.0
878,2024-09-23,0.3516,0.3658,0.3453,0.3637,80568015.7
879,2024-09-24,0.3636,0.3916,0.3584,0.3878,111968849.8
880,2024-09-25,0.3878,0.394,0.3788,0.3809,80684494.9
881,2024-09-26,0.3809,0.404,0.3779,0.4014,95788917.1
882,2024-09-27,0.4015,0.4158,0.3993,0.4017,86996776.4
883,2024-09-28,0.4017,0.4059,0.3922,0.4006,55901976.6
884,2024-09-29,0.4006,0.4042,0.3926,0.3975,42444987.1
885,2024-09-30,0.3976,0.3977,0.3707,0.3733,80942545.4
886,2024-10-01,0.3733,0.386,0.3424,0.352,137861330.3
887,2024-10-02,0.352,0.363,0.3355,0.3432,107703672.0
888,2024-10-03,0.3432,0.3496,0.3318,0.3453,79813638.7
889,2024-10-04,0.3452,0.3561,0.3429,0.3517,61770930.4
890,2024-10-05,0.3517,0.3558,0.3454,0.351,39356208.5
891,2024-10-06,0.351,0.3585,0.3479,0.3575,37440683.0
892,2024-10-07,0.3574,0.3685,0.3502,0.3512,75937962.2
893,2024-10-08,0.3512,0.357,0.3408,0.3448,54948911.4
894,2024-10-09,0.3447,0.348,0.3338,0.3396,69541560.1
895,2024-10-10,0.3395,0.3418,0.3315,0.3396,51099496.5
896,2024-10-11,0.3396,0.355,0.3382,0.3517,49113139.9
897,2024-10-12,0.3517,0.3568,0.3509,0.3532,33454950.9
898,2024-10-13,0.3532,0.3596,0.3443,0.3486,50520578.7
899,2024-10-14,0.3485,0.3656,0.3422,0.3643,90929339.3
900,2024-10-15,0.3644,0.3711,0.3475,0.3591,133653350.7
901,2024-10-16,0.3592,0.3611,0.3509,0.3521,72607298.7
902,2024-10-17,0.3522,0.3551,0.3393,0.3432,110730558.5
903,2024-10-18,0.3432,0.353,0.3426,0.3507,56351424.9
904,2024-10-19,0.3507,0.357,0.3492,0.3513,41140586.4
905,2024-10-20,0.3513,0.3658,0.3482,0.3649,58891202.7
906,2024-10-21,0.3649,0.3729,0.3531,0.3609,97553069.7
907,2024-10-22,0.3609,0.3681,0.355,0.3645,91803259.8
908,2024-10-23,0.3645,0.3692,0.3423,0.3497,96931163.7
909,2024-10-24,0.3497,0.3551,0.3396,0.3465,94252442.0
910,2024-10-25,0.3465,0.3472,0.3141,0.3261,158570967.8
911,2024-10-26,0.326,0.335,0.3206,0.3337,84287990.4
912,2024-10-27,0.3338,0.3424,0.3309,0.3399,37089150.4
913,2024-10-28,0.3398,0.348,0.3303,0.3437,89286920.0
914,2024-10-29,0.3438,0.357,0.3428,0.3561,93763509.9
915,2024-10-30,0.3562,0.364,0.3507,0.355,94701157.4
916,2024-10-31,0.3551,0.3613,0.3402,0.3418,91529863.7
917,2024-11-01,0.3417,0.362,0.3341,0.3575,130382524.7
918,2024-11-02,0.3575,0.3639,0.3453,0.3482,79245372.9
919,2024-11-03,0.3482,0.3482,0.3275,0.3341,103816230.4
920,2024-11-04,0.334,0.3368,0.3201,0.3263,88647140.4
921,2024-11-05,0.3263,0.3382,0.326,0.3336,80194966.4
922,2024-11-06,0.3336,0.3659,0.3335,0.363,210331494.8
923,2024-11-07,0.3631,0.4068,0.3613,0.4065,213370214.5
924,2024-11-08,0.4066,0.4587,0.4038,0.4447,478265867.0
925,2024-11-09,0.4447,0.4986,0.4272,0.4967,225441944.3
926,2024-11-10,0.4968,0.6599,0.488,0.5901,1158588378.1
927,2024-11-11,0.5903,0.6248,0.5575,0.6132,596396671.8
928,2024-11-12,0.6131,0.6541,0.555,0.5709,695933476.4
929,2024-11-13,0.5709,0.6098,0.5192,0.5783,603213656.1
930,2024-11-14,0.5783,0.6,0.5417,0.5792,351116093.6
931,2024-11-15,0.579,0.7075,0.5747,0.7071,883876827.2
932,2024-11-16,0.7071,0.8193,0.7026,0.7416,1131924924.1
933,2024-11-17,0.7416,0.7798,0.6893,0.7026,474262736.4
934,2024-11-18,0.7026,0.7839,0.7002,0.7325,442341128.2
935,2024-11-19,0.7324,0.765,0.72,0.7387,297007303.0
936,2024-11-20,0.7386,0.8484,0.7384,0.8003,729698432.0
937,2024-11-21,0.8003,0.8239,0.7655,0.8218,486701467.7
938,2024-11-22,0.8219,1.044,0.8123,1.0175,1031366149.7
939,2024-11-23,1.0175,1.1542,1.0157,1.0658,919763706.7
940,2024-11-24,1.0659,1.0978,0.9364,1.0226,581357178.0
941,2024-11-25,1.0228,1.0778,0.9294,0.9435,504171181.2
942,2024-11-26,0.9435,0.9899,0.8743,0.9603,479192975.7
943,2024-11-27,0.9602,1.0419,0.9312,1.0116,383499059.9
944,2024-11-28,1.0114,1.0491,0.9693,1.0321,254849669.5
945,2024-11-29,1.0321,1.0996,1.0274,1.0755,351237724.5
946,2024-11-30,1.0754,1.1498,1.0498,1.079,369560299.2
947,2024-12-01,1.079,1.1633,1.0375,1.1496,372853685.8
948,2024-12-02,1.1497,1.2424,1.0567,1.2022,866951754.4
949,2024-12-03,1.2022,1.3264,1.1401,1.1914,802151381.2
950,2024-12-04,1.1915,1.2417,1.1403,1.1871,383350912.1
951,2024-12-05,1.1871,1.2445,1.1138,1.1597,413686149.8
952,2024-12-06,1.1599,1.2375,1.1336,1.2278,311787487.7
953,2024-12-07,1.2278,1.2369,1.1881,1.2103,165417822.9
954,2024-12-08,1.2103,1.224,1.1723,1.1936,255648168.3
955,2024-12-09,1.1936,1.1936,0.91,1.0034,618530935.0
956,2024-12-10,1.0035,1.0378,0.91,1.0215,628873381.3
957,2024-12-11,1.0215,1.115,0.9718,1.0868,361950376.3
958,2024-12-12,1.0869,1.1819,1.0728,1.1231,338015830.6
959,2024-12-13,1.1231,1.1308,1.0774,1.1213,180296167.7
960,2024-12-14,1.1213,1.1332,1.0431,1.061,138860581.3
961,2024-12-15,1.0609,1.1123,1.0389,1.0996,139414086.3
962,2024-12-16,1.0995,1.121,1.0474,1.0775,220525179.7
963,2024-12-17,1.0775,1.1119,1.0418,1.0522,252529517.4
964,2024-12-18,1.0523,1.0602,0.958,0.9681,375972520.0
965,2024-12-19,0.9682,0.989,0.8475,0.8806,447732655.1
966,2024-12-20,0.8806,0.9596,0.762,0.9501,594787205.1
967,2024-12-21,0.95,0.9979,0.8867,0.9052,289558064.4
968,2024-12-22,0.9053,0.9249,0.8589,0.8834,234703947.6
969,2024-12-23,0.8835,0.9425,0.8619,0.9264,245984682.7
970,2024-12-24,0.9265,0.9507,0.8918,0.9358,165078579.2
971,2024-12-25,0.9357,0.9403,0.9,0.9176,95106199.7
972,2024-12-26,0.9176,0.9281,0.8507,0.8611,131074807.3
973,2024-12-27,0.8611,0.9147,0.855,0.8771,134800242.8
974,2024-12-28,0.8771,0.9,0.8662,0.8895,79029125.6
975,2024-12-29,0.8895,0.9123,0.851,0.859,105900380.7
976,2024-12-30,0.859,0.9048,0.8296,0.8615,168318692.6
977,2024-12-31,0.8616,0.8791,0.8397,0.8451,107355712.5
978,2025-01-01,0.845,0.9355,0.838,0.9222,171861317.3
979,2025-01-02,0.9222,0.9828,0.9222,0.9612,194982188.5
980,2025-01-03,0.9612,1.1194,0.9569,1.0894,388427400.9
981,2025-01-04,1.0894,1.1144,1.0565,1.0707,168969002.6
982,2025-01-05,1.0707,1.115,1.0521,1.0911,171630835.3
983,2025-01-06,1.0911,1.1162,1.0575,1.0934,181395918.9
984,2025-01-07,1.0934,1.1519,0.988,0.9892,365562839.2
985,2025-01-08,0.9893,1.0242,0.9079,0.9468,369801375.9
986,2025-01-09,0.9467,0.9604,0.8798,0.9045,239358339.9
987,2025-01-10,0.9045,0.974,0.904,0.9303,208259628.3
988,2025-01-11,0.9303,1.0176,0.9134,0.9955,146491610.6
989,2025-01-12,0.9955,1.0369,0.9613,0.9677,196542136.0
990,2025-01-13,0.9676,0.9938,0.8758,0.9444,288677979.1
991,2025-01-14,0.9444,1.0109,0.938,0.9972,187168513.0
992,2025-01-15,0.9972,1.09,0.9879,1.0755,384217805.3
993,2025-01-16,1.0755,1.145,1.0273,1.0892,383249639.4
994,2025-01-17,1.0893,1.1662,1.0854,1.133,276530914.4
995,2025-01-18,1.1331,1.1466,1.0482,1.1045,256781980.9
996,2025-01-19,1.1044,1.152,0.9636,0.993,560820593.6
997,2025-01-20,0.993,1.1014,0.9594,1.0094,464297968.4
998,2025-01-21,1.0095,1.0288,0.9508,1.0058,303337850.2
999,2025-01-22,1.0059,1.0199,0.9783,0.993,96716998.6
